"パッケージ名","バージョン（2026/05/29時点の内部リポジトリ最新）"
"abind","1.4-8"
"admiraldev","1.4.0.9000"
"admiralonco","1.4.0"
"arsenal","3.6.3"
"askpass","1.2.1"
"autoslider.core","0.3.2"
"backports","1.5.0"
"base64enc","0.1-3"
"bigD","0.3.1"
"bit","4.6.0"
"bit64","4.6.0-1"
"bitops","1.0-9"
"blob","1.2.4"
"boot","1.3-32"
"brew","1.0-10"
"brio","1.1.5"
"broom.helpers","1.22.0"
"bslib","0.9.0"
"cachem","1.1.0"
"callr","3.7.6"
"car","3.1-3"
"carData","3.0-5"
"cellranger","1.1.0"
"checkmate","2.3.3"
"cli","3.6.5"
"clipr","0.8.0"
"codetools","0.2-20"
"colorspace","2.1-2"
"commonmark","2.0.0"
"conflicted","1.2.0"
"corrplot","(内部リポジトリに存在しません)"
"cowplot","1.2.0"
"cpp11","0.5.2"
"crayon","1.5.3"
"credentials","2.0.3"
"crosstalk","1.2.2"
"curl","7.0.0"
"data.table","1.17.8"
"DBI","1.2.3"
"dbplyr","2.5.1"
"Deriv","4.2.0"
"desc","1.4.3"
"diffobj","0.3.6"
"digest","0.6.37"
"doBy","4.7.1"
"DT","0.34.0"
"dtplyr","1.3.3"
"emmeans","2.0.0"
"estimability","1.5.1"
"evaluate","1.0.5"
"farver","2.1.2"
"fastmap","1.2.0"
"fontawesome","0.5.3"
"fontBitstreamVera","0.1.1"
"fontLiberation","0.1.0"
"fontquiver","0.2.1"
"foreach","1.5.2"
"forecast","8.24.0"
"Formula","1.2-5"
"fracdiff","1.5-3"
"fs","1.6.6"
"gargle","1.6.0"
"gdtools","0.5.0"
"generics","0.1.4"
"gert","2.2.0"
"ggpubr","0.6.2"
"ggrepel","0.9.6"
"ggsci","4.1.0"
"ggsignif","0.6.4"
"gh","1.5.0"
"gitcreds","0.1.2"
"glmnet","4.1-10"
"glue","1.8.0"
"googledrive","2.1.2"
"googlesheets4","1.1.2"
"graphics","(内部リポジトリに存在しません)"
"grDevices","(内部リポジトリに存在しません)"
"grid","(内部リポジトリに存在しません)"
"gridExtra","2.3"
"gt","1.3.0"
"gtable","0.3.6"
"highr","0.11"
"hms","1.1.4"
"htmltools","0.5.8.1"
"htmlwidgets","1.6.4"
"httpuv","1.6.16"
"httr","1.4.7"
"httr2","1.2.1"
"ids","1.0.1"
"ini","0.3.1"
"isoband","0.2.7"
"iterators","1.0.14"
"jinjar","0.3.2"
"jomo","2.7-6"
"jquerylib","0.1.4"
"juicyjuice","0.1.0"
"knitr","1.50"
"labeling","0.4.3"
"labelled","2.16.0"
"later","1.4.4"
"lattice","0.22-7"
"lazyeval","0.2.2"
"lifecycle","1.0.5"
"litedown","0.8"
"lme4","1.1-37"
"lmtest","0.9-40"
"magrittr","2.0.4"
"markdown","2.0"
"MASS","7.3-65"
"Matrix","1.7-4"
"MatrixModels","0.5-4"
"memoise","2.0.1"
"metacore","0.2.1"
"methods","(内部リポジトリに存在しません)"
"mgcv","1.9-3"
"microbenchmark","1.5.0"
"mime","0.13"
"minqa","1.2.8"
"mitml","0.4-5"
"modelr","0.1.11"
"mvtnorm","1.3-3"
"nestcolor","0.1.3"
"nlme","3.1-168"
"nloptr","2.2.1"
"nnet","7.3-20"
"numDeriv","2016.8-1.1"
"odbc","1.6.3"
"officer","0.7.3"
"openssl","2.3.4"
"ordinal","2023.12-4.1"
"otel","0.2.0"
"pan","1.9"
"parallel","(内部リポジトリに存在しません)"
"parallelly","1.45.1"
"patchwork","1.3.2"
"pbkrtest","0.5.5"
"pillar","1.11.1"
"pins","1.4.1"
"pkgbuild","1.4.8"
"pkgconfig","2.0.3"
"pkgload","1.4.1"
"PKNCA","0.12.1"
"plogr","0.2.0"
"plotly","4.11.0"
"polynom","1.4-1"
"praise","1.0.0"
"prettyunits","1.2.0"
"processx","3.8.6"
"progress","1.2.3"
"promises","1.5.0"
"ps","1.9.1"
"quadprog","1.5-8"
"quantmod","0.4.28"
"quantreg","6.1"
"R.cache","0.17.0"
"R.methodsS3","1.8.2"
"R.oo","1.27.1"
"R.utils","2.13.0"
"R6","2.6.1"
"ragg","1.5.0"
"rappdirs","0.3.3"
"rbibutils","2.4"
"RColorBrewer","1.1-3"
"Rcpp","1.1.0"
"RcppArmadillo","15.0.2-2"
"RcppEigen","0.3.4.0.2"
"Rdpack","2.6.4"
"reactable","0.4.4"
"reactR","0.6.1"
"reformulas","0.4.2"
"rematch","2.0.0"
"rematch2","2.1.2"
"remotes","2.5.0"
"reprex","2.1.1"
"rmarkdown","2.30"
"rmint.sdtm","2.5.7"
"roxygen2","7.3.3"
"rpart","4.1.24"
"RPostgres","1.4.8"
"rprojroot","2.1.1"
"rstatix","0.7.3"
"rstudioapi","0.17.1"
"rvest","1.0.5"
"rvg","0.4.0"
"S7","0.2.1"
"sass","0.4.10"
"scales","1.4.0"
"scriptr","0.1.0"
"selectr","0.5-0"
"shape","1.4.6.1"
"snakecase","0.11.1"
"sourcetools","0.1.7-1"
"SparseM","1.84-2"
"splines","(内部リポジトリに存在しません)"
"stats","(内部リポジトリに存在しません)"
"stringi","1.8.7"
"styler","1.11.0"
"survival","3.8-3"
"sys","3.4.3"
"systemfonts","1.3.1"
"textshaping","1.0.4"
"tidyselect","1.2.1"
"timechange","0.3.0"
"timeDate","4051.111"
"tinytex","0.57"
"TMB","1.9.18"
"tools","(内部リポジトリに存在しません)"
"tseries","0.10-58"
"TTR","0.24.4"
"tzdb","0.5.0"
"ucminf","1.2.2"
"urca","1.3-4"
"usethis","3.2.1"
"utf8","1.2.6"
"utils","(内部リポジトリに存在しません)"
"uuid","1.2-1"
"V8","8.0.1"
"vctrs","0.7.1"
"viridisLite","0.4.2"
"vroom","1.6.6"
"waldo","0.6.2"
"whisker","0.4.1"
"withr","3.0.2"
"writexl","1.5.4"
"xfun","0.54"
"xml2","1.5.0"
"xtable","1.8-4"
"xts","0.14.1"
"zip","2.3.3"
"zoo","1.8-14"
