"パッケージ名","バージョン（2026/05/29時点のCRANの最新）","Depends","Imports","LinkingTo","再帰依存（直接依存を除く）"
"admiral","1.4.1","","admiraldev, cli, dplyr, hms, lifecycle, lubridate, magrittr, purrr, rlang, stringr, tidyr, tidyselect","","brew, callr, commonmark, cpp11, desc, evaluate, fs, generics, glue, graphics, grDevices, highr, knitr, methods, pillar, pkgbuild, pkgconfig, pkgload, processx, ps, R6, roxygen2, rprojroot, stats, stringi, tibble, timechange, tools, utf8, utils, vctrs, withr, xfun, xml2, yaml"
"aNCA","0.1.0","","dplyr, flextable, formatters, ggplot2, magrittr, methods, officer, PKNCA, plotly, purrr, rlang, rlistings, scales, stats, stringr, tern, tidyr, units, utils","","abind, askpass, backports, base64enc, boot, broom, bslib, cachem, car, carData, checkmate, cli, colorspace, cowplot, cpp11, crosstalk, curl, data.table, Deriv, digest, doBy, emmeans, estimability, evaluate, farver, fastmap, fontawesome, fontBitstreamVera, fontLiberation, fontquiver, forcats, forecast, Formula, fracdiff, fs, gdtools, generics, glue, graphics, grDevices, grid, gridExtra, gtable, highr, htmltools, htmlwidgets, httr, isoband, jquerylib, jsonlite, knitr, labeling, later, lattice, lazyeval, lifecycle, lme4, lmtest, MASS, Matrix, MatrixModels, memoise, mgcv, microbenchmark, mime, minqa, modelr, mvtnorm, nestcolor, nlme, nloptr, nnet, numDeriv, openssl, otel, parallel, pbkrtest, pillar, pkgconfig, promises, quantreg, R6, ragg, rappdirs, rbibutils, RColorBrewer, Rcpp, RcppArmadillo, RcppEigen, Rdpack, reformulas, rmarkdown, rtables, S7, sass, SparseM, splines, stringi, survival, sys, systemfonts, textshaping, tibble, tidyselect, timeDate, tinytex, tools, urca, utf8, uuid, vctrs, viridisLite, withr, xfun, xml2, yaml, zip, zoo"
"arrow","24.0.0","","assertthat, bit64, glue, methods, purrr, R6, rlang, stats, tidyselect, utils, vctrs","cpp11","bit, cli, graphics, grDevices, lifecycle, magrittr, tools, withr"
"assertthat","0.2.1","","tools","",""
"broom","1.0.13","","backports, cli, dplyr, generics, glue, lifecycle, purrr, rlang, stringr, tibble, tidyr","","cpp11, graphics, grDevices, magrittr, methods, pillar, pkgconfig, R6, stats, stringi, tidyselect, tools, utf8, utils, vctrs, withr"
"cards","0.7.1","","cli, dplyr, glue, lifecycle, rlang, tidyr, tidyselect","","cpp11, generics, graphics, grDevices, magrittr, methods, pillar, pkgconfig, purrr, R6, stats, stringi, stringr, tibble, tools, utf8, utils, vctrs, withr"
"cardx","0.3.2","","cards, cli, dplyr, glue, lifecycle, rlang, tidyr","","cpp11, generics, graphics, grDevices, magrittr, methods, pillar, pkgconfig, purrr, R6, stats, stringi, stringr, tibble, tidyselect, tools, utf8, utils, vctrs, withr"
"chevron","0.2.12","","checkmate, dplyr, dunlin, forcats, formatters, ggplot2, glue, grid, lifecycle, lubridate, magrittr, methods, nestcolor, purrr, rlang, rlistings, rtables, stringr, tern, tibble, utils","","abind, backports, base64enc, boot, broom, car, carData, cli, colorspace, cowplot, cpp11, Deriv, digest, doBy, emmeans, estimability, farver, fastmap, forecast, Formula, fracdiff, generics, graphics, grDevices, gridExtra, gtable, htmltools, isoband, labeling, lattice, lme4, lmtest, MASS, Matrix, MatrixModels, mgcv, microbenchmark, minqa, modelr, mvtnorm, nlme, nloptr, nnet, numDeriv, parallel, pbkrtest, pillar, pkgconfig, quantreg, R6, rbibutils, RColorBrewer, Rcpp, RcppArmadillo, RcppEigen, Rdpack, reformulas, S7, scales, SparseM, splines, stats, stringi, survival, tidyr, tidyselect, timechange, timeDate, tools, urca, utf8, vctrs, viridisLite, withr, yaml, zoo"
"config","0.3.2","","yaml","",""
"crane","0.3.1","gtsummary","broom, broom.helpers, cards, cardx, cli, cowplot, dplyr, flextable, ggplot2, glue, gt, labeling, lifecycle, patchwork, rlang, survival, tidyr","","askpass, backports, base64enc, bigD, bit, bit64, bitops, bslib, cachem, clipr, commonmark, cpp11, crayon, curl, data.table, digest, evaluate, farver, fastmap, fontawesome, fontBitstreamVera, fontLiberation, fontquiver, forcats, fs, gdtools, generics, graphics, grDevices, grid, gtable, haven, highr, hms, htmltools, htmlwidgets, isoband, jquerylib, jsonlite, juicyjuice, knitr, labelled, lattice, litedown, magrittr, markdown, Matrix, memoise, methods, mime, officer, openssl, pillar, pkgconfig, prettyunits, progress, purrr, R6, ragg, rappdirs, RColorBrewer, Rcpp, reactable, reactR, readr, rmarkdown, S7, sass, scales, splines, stats, stringi, stringr, sys, systemfonts, textshaping, tibble, tidyselect, tinytex, tools, tzdb, utf8, utils, uuid, V8, vctrs, viridisLite, vroom, withr, xfun, xml2, yaml, zip"
"diffdf","1.1.2","","assertthat, methods, tibble","","cli, glue, lifecycle, magrittr, pillar, pkgconfig, rlang, tools, utf8, utils, vctrs"
"dplyr","1.2.1","","cli, generics, glue, lifecycle, magrittr, methods, pillar, R6, rlang, tibble, tidyselect, utils, vctrs","","graphics, grDevices, pkgconfig, utf8, withr"
"dunlin","0.1.12","","checkmate, dplyr, forcats, glue, magrittr, methods, rlang, stringr, tibble, yaml","","backports, cli, generics, graphics, grDevices, lifecycle, pillar, pkgconfig, R6, stats, stringi, tidyselect, tools, utf8, utils, vctrs, withr"
"flextable","0.9.11","","data.table, gdtools, graphics, grDevices, grid, htmltools, knitr, officer, ragg, rlang, rmarkdown, stats, utils, uuid, xml2","","askpass, base64enc, bslib, cachem, cli, cpp11, digest, dplyr, evaluate, fastmap, fontawesome, fontBitstreamVera, fontLiberation, fontquiver, fs, generics, glue, highr, jquerylib, jsonlite, lifecycle, magrittr, memoise, methods, mime, openssl, pillar, pkgconfig, purrr, R6, rappdirs, Rcpp, sass, stringi, stringr, sys, systemfonts, textshaping, tibble, tidyr, tidyselect, tinytex, tools, utf8, vctrs, withr, xfun, yaml, zip"
"forcats","1.0.1","","cli, glue, lifecycle, magrittr, rlang, tibble","","methods, pillar, pkgconfig, utf8, utils, vctrs"
"formatters","0.5.12","methods","checkmate, grid, htmltools, lifecycle, stringi","","backports, base64enc, cli, digest, fastmap, grDevices, rlang, stats, tools, utils"
"ggplot2","4.0.3","","cli, grDevices, grid, gtable, isoband, lifecycle, rlang, S7, scales, stats, vctrs, withr","","cpp11, farver, glue, graphics, labeling, methods, R6, RColorBrewer, utils, viridisLite"
"ggsurvfit","1.2.0","","broom, cli, dplyr, ggplot2, glue, gtable, patchwork, rlang, survival, tidyr","","backports, cpp11, farver, generics, graphics, grDevices, grid, isoband, labeling, lattice, lifecycle, magrittr, Matrix, methods, pillar, pkgconfig, purrr, R6, RColorBrewer, S7, scales, splines, stats, stringi, stringr, tibble, tidyselect, tools, utf8, utils, vctrs, viridisLite, withr"
"gtsummary","2.5.0","","cards, cardx, cli, dplyr, glue, gt, lifecycle, rlang, tidyr, vctrs","","base64enc, bigD, bitops, bslib, cachem, commonmark, cpp11, curl, digest, evaluate, farver, fastmap, fontawesome, fs, generics, graphics, grDevices, highr, htmltools, htmlwidgets, jquerylib, jsonlite, juicyjuice, knitr, labeling, litedown, magrittr, markdown, memoise, methods, mime, pillar, pkgconfig, purrr, R6, rappdirs, RColorBrewer, Rcpp, reactable, reactR, rmarkdown, sass, scales, stats, stringi, stringr, tibble, tidyselect, tinytex, tools, utf8, utils, V8, viridisLite, withr, xfun, xml2, yaml"
"haven","2.5.5","","cli, forcats, hms, lifecycle, methods, readr, rlang, tibble, tidyselect, vctrs","cpp11","bit, bit64, clipr, crayon, glue, graphics, grDevices, magrittr, pillar, pkgconfig, prettyunits, progress, R6, stats, tzdb, utf8, utils, vroom, withr"
"janitor","2.2.1","","dplyr, hms, lifecycle, lubridate, magrittr, purrr, rlang, snakecase, stringi, stringr, tidyr, tidyselect","","cli, cpp11, generics, glue, graphics, grDevices, methods, pillar, pkgconfig, R6, stats, tibble, timechange, tools, utf8, utils, vctrs, withr"
"jsonlite","2.0.0","methods","","",""
"lubridate","1.9.5","methods","generics, timechange","","cpp11"
"metatools","0.3.0","","cli, dplyr, lifecycle, magrittr, metacore, purrr, rlang, stringr, tibble, tidyr","","cellranger, cpp11, crayon, generics, glue, graphics, grDevices, hms, methods, pillar, pkgconfig, prettyunits, progress, R6, readxl, rematch, stats, stringi, tidyselect, tools, utf8, utils, vctrs, withr, xml2"
"mice","3.19.0","","broom, dplyr, glmnet, graphics, grDevices, lattice, mitml, nnet, Rcpp, rpart, stats, tidyr, utils","cpp11, Rcpp","backports, bit, bit64, boot, cli, clipr, codetools, crayon, forcats, foreach, generics, glue, grid, haven, hms, iterators, jomo, lifecycle, lme4, magrittr, MASS, Matrix, methods, minqa, nlme, nloptr, numDeriv, ordinal, pan, parallel, pillar, pkgconfig, prettyunits, progress, purrr, R6, rbibutils, RcppEigen, Rdpack, readr, reformulas, rlang, shape, splines, stringi, stringr, survival, tibble, tidyselect, tools, tzdb, ucminf, utf8, vctrs, vroom, withr"
"mmrm","0.3.17","","checkmate, generics, lifecycle, MASS, Matrix, methods, nlme, parallel, Rcpp, Rdpack, stats, stringr, tibble, TMB, utils","Rcpp, RcppEigen, testthat, TMB","backports, brio, callr, cli, crayon, desc, diffobj, evaluate, fs, glue, graphics, grDevices, grid, jsonlite, lattice, magrittr, pillar, pkgbuild, pkgconfig, pkgload, praise, processx, ps, R6, rbibutils, rlang, rprojroot, stringi, tools, utf8, vctrs, waldo, withr"
"openxlsx","4.2.8.1","","grDevices, methods, Rcpp, stats, stringi, utils, zip","Rcpp","tools"
"purrr","1.2.2","","cli, lifecycle, magrittr, rlang, vctrs","cli","glue, methods, utils"
"renv","1.2.3","","utils","",""
"rtables","0.6.16","formatters, magrittr, methods","checkmate, htmltools, lifecycle, stats, stringi","","backports, base64enc, cli, digest, fastmap, grDevices, grid, rlang, tools, utils"
"rtables.officer","0.1.2","formatters, rlistings, rtables","checkmate, flextable, lifecycle, officer, stats, stringi, systemfonts","","askpass, backports, base64enc, bslib, cachem, cli, cpp11, data.table, digest, dplyr, evaluate, fastmap, fontawesome, fontBitstreamVera, fontLiberation, fontquiver, fs, gdtools, generics, glue, graphics, grDevices, grid, highr, htmltools, jquerylib, jsonlite, knitr, magrittr, memoise, methods, mime, openssl, pillar, pkgconfig, purrr, R6, ragg, rappdirs, Rcpp, rlang, rmarkdown, sass, stringr, sys, textshaping, tibble, tidyr, tidyselect, tinytex, tools, utf8, utils, uuid, vctrs, withr, xfun, xml2, yaml, zip"
"rbmi","1.6.0","","assertthat, fs, jinjar, Matrix, methods, mmrm, pkgload, R6, stringr, tools","","backports, brio, callr, checkmate, cli, cpp11, crayon, desc, diffobj, evaluate, generics, glue, graphics, grDevices, grid, jsonlite, lattice, lifecycle, magrittr, MASS, nlme, parallel, pillar, pkgbuild, pkgconfig, praise, processx, ps, rbibutils, Rcpp, RcppEigen, Rdpack, rlang, rprojroot, stats, stringi, testthat, tibble, TMB, utf8, utils, vctrs, waldo, withr"
"readr","2.2.0","","cli, clipr, crayon, glue, hms, lifecycle, methods, R6, rlang, tibble, utils, vroom, withr","cpp11, tzdb","bit, bit64, graphics, grDevices, magrittr, pillar, pkgconfig, prettyunits, progress, stats, tidyselect, utf8, vctrs"
"readxl","1.5.0","","cellranger, tibble, utils","cpp11, progress","cli, crayon, glue, grDevices, hms, lifecycle, magrittr, methods, pillar, pkgconfig, prettyunits, R6, rematch, rlang, utf8, vctrs"
"rlang","1.2.0","","utils","",""
"rlistings","0.2.13","formatters, methods, tibble","checkmate, grDevices, grid, stats, utils","","backports, base64enc, cli, digest, fastmap, glue, htmltools, lifecycle, magrittr, pillar, pkgconfig, rlang, stringi, tools, utf8, vctrs"
"shiny","1.13.0","methods","bslib, cachem, cli, commonmark, fastmap, fontawesome, glue, grDevices, htmltools, httpuv, jsonlite, later, lifecycle, mime, otel, promises, R6, rlang, sourcetools, tools, utils, withr, xtable","","base64enc, digest, fs, graphics, jquerylib, magrittr, memoise, rappdirs, Rcpp, sass, stats"
"stringr","1.6.0","","cli, glue, lifecycle, magrittr, rlang, stringi, vctrs","","methods, stats, tools, utils"
"tern","0.9.10","rtables","broom, car, checkmate, cowplot, dplyr, emmeans, forcats, formatters, ggplot2, grid, gridExtra, gtable, labeling, lifecycle, magrittr, MASS, methods, nestcolor, Rdpack, rlang, scales, stats, survival, tibble, tidyr, utils","","abind, backports, base64enc, boot, carData, cli, colorspace, cpp11, Deriv, digest, doBy, estimability, farver, fastmap, forecast, Formula, fracdiff, generics, glue, graphics, grDevices, htmltools, isoband, lattice, lme4, lmtest, Matrix, MatrixModels, mgcv, microbenchmark, minqa, modelr, mvtnorm, nlme, nloptr, nnet, numDeriv, parallel, pbkrtest, pillar, pkgconfig, purrr, quantreg, R6, rbibutils, RColorBrewer, Rcpp, RcppArmadillo, RcppEigen, reformulas, S7, SparseM, splines, stringi, stringr, tidyselect, timeDate, tools, urca, utf8, vctrs, viridisLite, withr, zoo"
"tern.mmrm","0.3.3","tern","checkmate, cowplot, dplyr, emmeans, formatters, generics, ggplot2, lifecycle, magrittr, mmrm, parallelly, rlang, rtables, stats, tidyr","","abind, backports, base64enc, boot, brio, broom, callr, car, carData, cli, colorspace, cpp11, crayon, Deriv, desc, diffobj, digest, doBy, estimability, evaluate, farver, fastmap, forcats, forecast, Formula, fracdiff, fs, glue, graphics, grDevices, grid, gridExtra, gtable, htmltools, isoband, jsonlite, labeling, lattice, lme4, lmtest, MASS, Matrix, MatrixModels, methods, mgcv, microbenchmark, minqa, modelr, mvtnorm, nestcolor, nlme, nloptr, nnet, numDeriv, parallel, pbkrtest, pillar, pkgbuild, pkgconfig, pkgload, praise, processx, ps, purrr, quantreg, R6, rbibutils, RColorBrewer, Rcpp, RcppArmadillo, RcppEigen, Rdpack, reformulas, rprojroot, S7, scales, SparseM, splines, stringi, stringr, survival, testthat, tibble, tidyselect, timeDate, TMB, tools, urca, utf8, utils, vctrs, viridisLite, waldo, withr, zoo"
"tern.rbmi","(CRANに存在しません)","rbmi, tern","broom, checkmate, formatters, lifecycle, magrittr, rtables","","abind, assertthat, backports, base64enc, boot, brio, callr, car, carData, cli, colorspace, cowplot, cpp11, crayon, Deriv, desc, diffobj, digest, doBy, dplyr, emmeans, estimability, evaluate, farver, fastmap, forcats, forecast, Formula, fracdiff, fs, generics, ggplot2, glue, graphics, grDevices, grid, gridExtra, gtable, htmltools, isoband, jinjar, jsonlite, labeling, lattice, lme4, lmtest, MASS, Matrix, MatrixModels, methods, mgcv, microbenchmark, minqa, mmrm, modelr, mvtnorm, nestcolor, nlme, nloptr, nnet, numDeriv, parallel, pbkrtest, pillar, pkgbuild, pkgconfig, pkgload, praise, processx, ps, purrr, quantreg, R6, rbibutils, RColorBrewer, Rcpp, RcppArmadillo, RcppEigen, Rdpack, reformulas, rlang, rprojroot, S7, scales, SparseM, splines, stats, stringi, stringr, survival, testthat, tibble, tidyr, tidyselect, timeDate, TMB, tools, tseries, urca, utf8, utils, vctrs, viridisLite, waldo, withr, zoo"
"testthat","3.3.2","","brio, callr, cli, desc, evaluate, jsonlite, lifecycle, magrittr, methods, pkgload, praise, processx, ps, R6, rlang, utils, waldo, withr","","crayon, diffobj, fs, glue, graphics, grDevices, pkgbuild, rprojroot, stats, tools"
"tibble","3.3.1","","cli, lifecycle, magrittr, methods, pillar, pkgconfig, rlang, utils, vctrs","","glue, utf8"
"tidyr","1.3.2","","cli, dplyr, glue, lifecycle, magrittr, purrr, rlang, stringr, tibble, tidyselect, utils, vctrs","cpp11","generics, graphics, grDevices, methods, pillar, pkgconfig, R6, stats, stringi, tools, utf8, withr"
"tidyverse","2.0.0","","broom, cli, conflicted, dbplyr, dplyr, dtplyr, forcats, ggplot2, googledrive, googlesheets4, haven, hms, httr, jsonlite, lubridate, magrittr, modelr, pillar, purrr, ragg, readr, readxl, reprex, rlang, rstudioapi, rvest, stringr, tibble, tidyr, xml2","","askpass, backports, base64enc, bit, bit64, blob, bslib, cachem, callr, cellranger, clipr, cpp11, crayon, curl, data.table, DBI, digest, evaluate, farver, fastmap, fontawesome, fs, gargle, generics, glue, graphics, grDevices, grid, gtable, highr, htmltools, ids, isoband, jquerylib, knitr, labeling, lifecycle, memoise, methods, mime, openssl, pkgconfig, prettyunits, processx, progress, ps, R6, rappdirs, RColorBrewer, rematch, rematch2, rmarkdown, S7, sass, scales, selectr, stats, stringi, sys, systemfonts, textshaping, tidyselect, timechange, tinytex, tools, tzdb, utf8, utils, uuid, vctrs, viridisLite, vroom, withr, xfun, yaml"
"units","1.0-1","","Rcpp","Rcpp","methods, utils"
"xportr","0.5.0","","checkmate, cli, dplyr, glue, haven, lifecycle, magrittr, purrr, readr, rlang, stringr, tidyselect","","backports, bit, bit64, clipr, cpp11, crayon, forcats, generics, graphics, grDevices, hms, methods, pillar, pkgconfig, prettyunits, progress, R6, stats, stringi, tibble, tools, tzdb, utf8, utils, vctrs, vroom, withr"
"yaml","2.3.12","","","",""
"optparse","1.8.2","","methods","",""
"admiralroche","(CRANに存在しません)","","admiral, admiraldev, arrow, cli, DBI, dplyr, googledrive, jsonlite, lifecycle, lubridate, magrittr, metacore, metatools, odbc, purrr, readr, readxl, rlang, stringr, tibble, tidyr, tidyselect, writexl, yaml","","askpass, assertthat, bit, bit64, blob, brew, callr, cellranger, clipr, commonmark, cpp11, crayon, curl, desc, evaluate, fs, gargle, generics, glue, graphics, grDevices, highr, hms, httr, knitr, methods, mime, openssl, pillar, pkgbuild, pkgconfig, pkgload, prettyunits, processx, progress, ps, R6, rappdirs, Rcpp, rematch, roxygen2, rprojroot, stats, stringi, sys, timechange, tools, tzdb, utf8, utils, uuid, vctrs, vroom, withr, xfun, xml2"
"admiralrochetools","(CRANに存在しません)","","admiral, admiraldev, admiralroche, cli, dplyr, jsonlite, magrittr, purrr, R6, rlang, scriptr, stringr, tibble, usethis, yaml","","arrow, askpass, assertthat, base64enc, bit, bit64, blob, brew, brio, bslib, cachem, callr, cellranger, clipr, commonmark, cpp11, crayon, curl, DBI, desc, diffobj, digest, evaluate, fastmap, fontawesome, fs, gargle, generics, gert, gh, glue, googledrive, graphics, grDevices, highr, hms, htmltools, htmlwidgets, httr, jquerylib, knitr, lifecycle, lubridate, memoise, metacore, metatools, methods, mime, odbc, openssl, pillar, pkgbuild, pkgconfig, pkgload, praise, prettyunits, processx, progress, ps, R.cache, rappdirs, Rcpp, reactable, reactR, readr, readxl, rematch, rmarkdown, roxygen2, rprojroot, rstudioapi, sass, stats, stringi, styler, sys, testthat, tidyr, tidyselect, timechange, tinytex, tools, tzdb, utf8, utils, uuid, vctrs, vroom, waldo, whisker, withr, writexl, xfun, xml2"
"aleye","(CRANに存在しません)","","DBI, dplyr, glue, janitor, magrittr, rlang, RocheData, stringr, utils","","askpass, bit, bit64, blob, cachem, cli, config, cpp11, curl, digest, fastmap, generics, graphics, grDevices, hms, httr2, jsonlite, lifecycle, lubridate, memoise, methods, openssl, pillar, pkgconfig, plogr, purrr, R6, rappdirs, remotes, RPostgres, snakecase, stats, stringi, sys, tibble, tidyr, tidyselect, timechange, tools, utf8, vctrs, withr, xml2, yaml"
"autoslideR","(CRANに存在しません)","autoslider.core","admiral, admiralonco, assertthat, checkmate, cli, dplyr, flextable, forcats, formatters, ggplot2, gridExtra, lubridate, methods, officer, rlang, rlistings, rtables, stringr, survival, tern, tibble, tidyr, yaml","","abind, admiraldev, askpass, backports, base64enc, boot, brew, broom, bslib, cachem, callr, car, carData, colorspace, commonmark, cowplot, cpp11, data.table, Deriv, desc, digest, doBy, emmeans, estimability, evaluate, farver, fastmap, fontawesome, fontBitstreamVera, fontLiberation, fontquiver, forecast, Formula, fracdiff, fs, gdtools, generics, glue, graphics, grDevices, grid, gtable, highr, hms, htmltools, isoband, jquerylib, jsonlite, knitr, labeling, lattice, lifecycle, lme4, lmtest, magrittr, MASS, Matrix, MatrixModels, memoise, mgcv, microbenchmark, mime, minqa, modelr, mvtnorm, nestcolor, nlme, nloptr, nnet, numDeriv, openssl, parallel, pbkrtest, pillar, pkgbuild, pkgconfig, pkgload, processx, ps, purrr, quantreg, R6, ragg, rappdirs, rbibutils, RColorBrewer, Rcpp, RcppArmadillo, RcppEigen, Rdpack, reformulas, rmarkdown, roxygen2, rprojroot, S7, sass, scales, SparseM, splines, stats, stringi, sys, systemfonts, textshaping, tidyselect, timechange, timeDate, tinytex, tools, tseries, urca, utf8, utils, uuid, vctrs, viridisLite, withr, xfun, xml2, zip, zoo"
"campaign.inputs","(CRANに存在しません)","","aleye, DBI, dplyr, magrittr, readr, rlang, stringr, tibble, tidyr","","askpass, bit, bit64, blob, cachem, cli, clipr, config, cpp11, crayon, curl, digest, fastmap, generics, glue, graphics, grDevices, hms, httr2, janitor, jsonlite, lifecycle, lubridate, memoise, methods, openssl, pillar, pkgconfig, plogr, prettyunits, progress, purrr, R6, rappdirs, remotes, RocheData, RPostgres, snakecase, stats, stringi, sys, tidyselect, timechange, tools, tzdb, utf8, utils, vctrs, vroom, withr, xml2, yaml"
"citril","(CRANに存在しません)","","checkmate, citril.metadata, cli, dplyr, dunlin, fs, ggplot2, glue, grid, gt, gtsummary, jsonlite, lifecycle, methods, purrr, R.utils, rlang, stringr, styler, tibble, utils, yaml","","backports, base64enc, bigD, bitops, bslib, cachem, cards, cardx, commonmark, cpp11, curl, digest, evaluate, farver, fastmap, fontawesome, forcats, generics, graphics, grDevices, gtable, highr, htmltools, htmlwidgets, isoband, jquerylib, juicyjuice, knitr, labeling, litedown, magrittr, markdown, memoise, mime, pillar, pkgconfig, R.cache, R.methodsS3, R.oo, R6, rappdirs, RColorBrewer, Rcpp, reactable, reactR, rmarkdown, rprojroot, S7, sass, scales, stats, stringi, tidyr, tidyselect, tinytex, tools, utf8, V8, vctrs, viridisLite, withr, xfun, xml2"
"citril.metadata","(CRANに存在しません)","","","",""
"RocheData","(CRANに存在しません)","","askpass, cachem, cli, config, DBI, digest, dplyr, glue, httr2, jsonlite, magrittr, memoise, methods, purrr, R6, remotes, rlang, RPostgres, xml2, yaml","","bit, bit64, blob, cpp11, curl, fastmap, generics, graphics, grDevices, hms, lifecycle, lubridate, openssl, pillar, pkgconfig, plogr, rappdirs, stats, sys, tibble, tidyselect, timechange, tools, utf8, utils, vctrs, withr"
"roak","(CRANに存在しません)","","arrow, assertthat, cli, dplyr, DT, haven, httr, jsonlite, lifecycle, lubridate, methods, purrr, R6, readr, readxl, rlang, rmint.sdtm, S7, stringr, styler, tibble, tidyr, xml2, xportr, yaml","","arsenal, askpass, backports, base64enc, bit, bit64, blob, bslib, cachem, cellranger, checkmate, clipr, cpp11, crayon, crosstalk, curl, DBI, diffdf, digest, evaluate, fastmap, fontawesome, forcats, fs, generics, glue, graphics, grDevices, highr, hms, htmltools, htmlwidgets, jquerylib, knitr, later, lazyeval, magrittr, memoise, mime, odbc, openssl, otel, pillar, pins, pkgconfig, prettyunits, progress, promises, R.cache, rappdirs, Rcpp, rematch, rmarkdown, rprojroot, sass, stats, stringi, sys, tidyselect, timechange, tinytex, tools, tzdb, utf8, utils, vctrs, vroom, withr, writexl, xfun"
